{"min_power":-121.75276947021484,"max_power":-60.56315994262695,"mean_power":-91.80187469986316,"noise_floor":-97.15231704711914,"occupancy_pct":45.02,"freq_min_mhz":43.69,"freq_max_mhz":46.6,"num_sweeps":123,"num_cols":970}