{"min_power":-119.72926330566406,"max_power":-67.22381591796875,"mean_power":-89.41275770854175,"noise_floor":-95.70011520385742,"occupancy_pct":46.89,"freq_min_mhz":38.25,"freq_max_mhz":39.0,"num_sweeps":123,"num_cols":250}