{"min_power":-116.9755630493164,"max_power":-71.70790100097656,"mean_power":-90.4871573770853,"noise_floor":-96.6263656616211,"occupancy_pct":48.22,"freq_min_mhz":49.6,"freq_max_mhz":50.0,"num_sweeps":123,"num_cols":133}