{"min_power":-119.07867431640625,"max_power":-72.08843231201172,"mean_power":-91.29696098062428,"noise_floor":-96.80210876464844,"occupancy_pct":43.13,"freq_min_mhz":47.0,"freq_max_mhz":49.6,"num_sweeps":123,"num_cols":867}