{"min_power":-118.6657943725586,"max_power":-68.18505096435547,"mean_power":-88.22192677740728,"noise_floor":-94.25504302978516,"occupancy_pct":46.08,"freq_min_mhz":33.0,"freq_max_mhz":34.0,"num_sweeps":123,"num_cols":334}