{"min_power":-118.70382690429688,"max_power":-66.59003448486328,"mean_power":-88.53332218352803,"noise_floor":-94.97144012451172,"occupancy_pct":46.06,"freq_min_mhz":32.0,"freq_max_mhz":33.0,"num_sweeps":123,"num_cols":333}