{"min_power":-120.62655639648438,"max_power":-67.69648742675781,"mean_power":-88.5353121761711,"noise_floor":-95.08236160278321,"occupancy_pct":47.07,"freq_min_mhz":37.0,"freq_max_mhz":37.5,"num_sweeps":123,"num_cols":166}