{"min_power":-119.18545532226562,"max_power":-69.56778717041016,"mean_power":-91.6121269426894,"noise_floor":-97.58041763305664,"occupancy_pct":47.92,"freq_min_mhz":42.0,"freq_max_mhz":43.69,"num_sweeps":123,"num_cols":564}