{"min_power":-118.14266204833984,"max_power":-78.38213348388672,"mean_power":-91.10555980697997,"noise_floor":-96.1358871459961,"occupancy_pct":41.58,"freq_min_mhz":46.6,"freq_max_mhz":47.0,"num_sweeps":123,"num_cols":133}