{"min_power":-121.48617553710938,"max_power":-67.30699157714844,"mean_power":-88.31397885229529,"noise_floor":-94.86628723144531,"occupancy_pct":47.61,"freq_min_mhz":30.56,"freq_max_mhz":32.0,"num_sweeps":123,"num_cols":480}