{"min_power":-118.78360748291016,"max_power":-69.11846160888672,"mean_power":-89.8996526338267,"noise_floor":-95.76906814575196,"occupancy_pct":45.63,"freq_min_mhz":39.0,"freq_max_mhz":40.0,"num_sweeps":123,"num_cols":334}