{"min_power":-121.4796142578125,"max_power":-59.68880081176758,"mean_power":-94.09333779394682,"noise_floor":-99.79167938232422,"occupancy_pct":44.05,"freq_min_mhz":50.0,"freq_max_mhz":54.0,"num_sweeps":123,"num_cols":1333}