{"min_power":-117.3072280883789,"max_power":-70.05027770996094,"mean_power":-89.32475632226529,"noise_floor":-96.42918853759765,"occupancy_pct":49.87,"freq_min_mhz":38.0,"freq_max_mhz":38.25,"num_sweeps":123,"num_cols":83}