{"min_power":-118.51841735839844,"max_power":-67.7487564086914,"mean_power":-88.38689422570279,"noise_floor":-95.02708358764649,"occupancy_pct":46.05,"freq_min_mhz":36.0,"freq_max_mhz":37.0,"num_sweeps":123,"num_cols":334}