{"min_power":-118.55268096923828,"max_power":-66.1800765991211,"mean_power":-86.97265081243353,"noise_floor":-94.42500305175781,"occupancy_pct":53.25,"freq_min_mhz":34.0,"freq_max_mhz":35.0,"num_sweeps":123,"num_cols":333}