{"min_power":-118.7197265625,"max_power":-67.9991455078125,"mean_power":-89.4301634355295,"noise_floor":-96.32125091552734,"occupancy_pct":48.33,"freq_min_mhz":37.5,"freq_max_mhz":38.0,"num_sweeps":123,"num_cols":167}