{"min_power":-117.10143280029297,"max_power":-71.00749969482422,"mean_power":-88.14496703467356,"noise_floor":-93.7686538696289,"occupancy_pct":44.87,"freq_min_mhz":30.0,"freq_max_mhz":30.56,"num_sweeps":123,"num_cols":187}