{"min_power":-123.6825180053711,"max_power":-59.68880081176758,"mean_power":-90.64782505914395,"noise_floor":-97.17770385742188,"occupancy_pct":50.71,"freq_min_mhz":30.0,"freq_max_mhz":54.0,"num_sweeps":123}