{"min_power":-122.484375,"max_power":-70.85791015625,"mean_power":-90.80145491423058,"noise_floor":-96.5963363647461,"occupancy_pct":44.57,"freq_min_mhz":40.0,"freq_max_mhz":42.0,"num_sweeps":123,"num_cols":666}