{"min_power":-123.6825180053711,"max_power":-66.7052001953125,"mean_power":-88.66961850025432,"noise_floor":-95.68893890380859,"occupancy_pct":47.87,"freq_min_mhz":35.0,"freq_max_mhz":36.0,"num_sweeps":123,"num_cols":333}